"Box N and O Protective,Cleaning & Grease",,,,,
,,,,,
Sku nr.,,Ordre number,,"Protective,Cleaning & Grease.",Company
,,,,,
401,,,,Fat Bomb,
402,,90101,,Rollerbrake Grease,
403,,,,Pasta Di swapa,
404,,,,Lucky Lock,
405,,,,Bye Bye Grease,
406,,,,All Weather,
407,,,,Get Lose,
408,,,,Let`s Connect,
409,,,,Rust In Peace,
410,,,,Spray Bottles,
411,,,,"Smooth Chain, tube",
412,,,,Wire Wool,
413,,,,Sandpaper,
414,,,,Smooth Chain,
415,,,,Cytex Sept,
416,,,,Clean Again,
417,,69422,,Bottles,
418,,,,,
419,,,,,
420,,,,,
,,,,,
,,,,,
,,,,,
501,,,,Face Shield,
502,,,,Protective Glasses,
503,,,,Hearing Protection,
504,,,,Protective Maske,
505,,,,One Time Gloves,
506,,,,Wether p,
507,,90102,,Gloves site   7   S.,
508,,90103,,Gloves site   8   M.,
509,,90104,,Gloves site   9   L.,
510,,90105,,Gloves site 10   XL.,
511,,90106,,Gloves site 11   XXL.,
512,,,,,
513,,,,,
514,,,,,
515,,,,,